{
  "gizmos-infos": {
    "is2D": true,
    "is3DIcon": false,
    "iconSize": 2,
    "gridVisible": true,
    "gridColor": [
      166,
      166,
      166,
      255
    ],
    "transformToolName": "position",
    "pivot": "pivot",
    "coordinate": "local",
    "toolsVisibility3d": true
  },
  "__version__": "1.0.0",
  "builder": {
    "taskOptionsMap": {},
    "__version__": "1.3.7"
  },
  "snap-configs": {
    "position": {
      "x": 1,
      "y": 1,
      "z": 1
    },
    "rotation": 1,
    "scale": 1,
    "isPositionSnapEnabled": false,
    "isRotationSnapEnabled": false,
    "isScaleSnapEnabled": false
  },
  "rect-snap-configs": {
    "enableSnapping": true,
    "snapThreshold": 4
  },
  "camera-infos": {
    "a8ea8836-ddca-4b42-93cc-79147b283de8": {
      "position": {
        "x": 870.6195547491855,
        "y": 560.4587753134688,
        "z": 5000
      },
      "rotation": {
        "x": 0,
        "y": 0,
        "z": 0,
        "w": 1
      },
      "viewCenter": {
        "x": 0,
        "y": 0,
        "z": 0
      },
      "contentRect": {
        "x": 839.8335054786573,
        "y": 529.6727260429407,
        "width": 1115.1596638655462,
        "height": 704
      },
      "scale": 1.6241122581410847
    },
    "1a54ab2e-f8c2-4ec5-9b4e-a55c02d149d8": {
      "position": {
        "x": 997.9339984324715,
        "y": 594.2758328167904,
        "z": 5000
      },
      "rotation": {
        "x": 0,
        "y": 0,
        "z": 0,
        "w": 1
      },
      "viewCenter": {
        "x": 0,
        "y": 0,
        "z": 0
      },
      "contentRect": {
        "x": -536.3854959108484,
        "y": -260.3848934752446,
        "width": 1113.047619047619,
        "height": 620
      },
      "scale": 0.3627170296509845
    },
    "d3196f10-0b37-41c0-ac4d-0e23e3c38f1f": {
      "position": {
        "x": 782.4227591438594,
        "y": 600.6277904572895,
        "z": 5000
      },
      "rotation": {
        "x": 0,
        "y": 0,
        "z": 0,
        "w": 1
      },
      "viewCenter": {
        "x": 0,
        "y": 0,
        "z": 0
      },
      "contentRect": {
        "x": 692.9202520510621,
        "y": 511.1252833644923,
        "width": 100,
        "height": 100
      },
      "scale": 0.5586435690361099
    },
    "51c098ab-b2db-443f-bfec-5a1b5eee7253": {
      "position": {
        "x": 959.9999999999999,
        "y": 540,
        "z": 5000
      },
      "rotation": {
        "x": 0,
        "y": 0,
        "z": 0,
        "w": 1
      },
      "viewCenter": {
        "x": 0,
        "y": 0,
        "z": 0
      },
      "contentRect": {
        "x": 909.9999999999999,
        "y": 490,
        "width": 100,
        "height": 100
      },
      "scale": 1
    },
    "2f77331e-86a9-4f58-8e82-dc38a15f11d9": {
      "position": {
        "x": 788.6998622585199,
        "y": 537.2955798913912,
        "z": 5000
      },
      "rotation": {
        "x": 0,
        "y": 0,
        "z": 0,
        "w": 1
      },
      "viewCenter": {
        "x": 0,
        "y": 0,
        "z": 0
      },
      "contentRect": {
        "x": 738.6998622585198,
        "y": 487.295579891391,
        "width": 100,
        "height": 100
      },
      "scale": 0.9999999999999971
    },
    "2423d2fa-cded-4187-8f7a-3782a03cfa36": {
      "position": {
        "x": 1092.6316997881065,
        "y": 878.7425771825654,
        "z": 5000
      },
      "rotation": {
        "x": 0,
        "y": 0,
        "z": 0,
        "w": 1
      },
      "viewCenter": {
        "x": 0,
        "y": 0,
        "z": 0
      },
      "contentRect": {
        "x": 869.1742721736625,
        "y": 655.2851495681214,
        "width": 100,
        "height": 100
      },
      "scale": 0.22375626773199303
    },
    "c77ecaa8-c936-46c4-a5b0-98692673ed87": {
      "position": {
        "x": 959.9999999999999,
        "y": 540,
        "z": 5000
      },
      "rotation": {
        "x": 0,
        "y": 0,
        "z": 0,
        "w": 1
      },
      "viewCenter": {
        "x": 0,
        "y": 0,
        "z": 0
      },
      "contentRect": {
        "x": 0,
        "y": 0,
        "width": 696,
        "height": 391.50000000000006
      },
      "scale": 0.36250000000000004
    },
    "bc71c11f-0036-41a8-9627-756f4eeb7dc0": {
      "position": {
        "x": 816.9997586469223,
        "y": 764.3165697086113,
        "z": 5000
      },
      "rotation": {
        "x": 0,
        "y": 0,
        "z": 0,
        "w": 1
      },
      "viewCenter": {
        "x": 0,
        "y": 0,
        "z": 0
      },
      "contentRect": {
        "x": -29.74555371561186,
        "y": -82.42874265392282,
        "width": 692,
        "height": 692
      },
      "scale": 0.40862346085461415
    },
    "9d29e014-0cf4-4e38-afe3-f946a8aca1eb": {
      "position": {
        "x": 918.5269309535319,
        "y": 644.7909121640155,
        "z": 5000
      },
      "rotation": {
        "x": 0,
        "y": 0,
        "z": 0,
        "w": 1
      },
      "viewCenter": {
        "x": 0,
        "y": 0,
        "z": 0
      },
      "contentRect": {
        "x": -170.9281025683679,
        "y": -479.9111959718279,
        "width": 670,
        "height": 691.6764705882352
      },
      "scale": 0.3074931866779667
    },
    "3e57de3a-aaa2-4f1b-9437-646ae332418a": {
      "position": {
        "x": 932.665165564589,
        "y": 280.16616163234767,
        "z": 5000
      },
      "rotation": {
        "x": 0,
        "y": 0,
        "z": 0,
        "w": 1
      },
      "viewCenter": {
        "x": 0,
        "y": 0,
        "z": 0
      },
      "contentRect": {
        "x": -248.32749586495936,
        "y": -900.8264997972009,
        "width": 672,
        "height": 672
      },
      "scale": 0.2845064249538048
    },
    "d46fc7ec-d3a7-4b16-8db5-38d56ac4b11b": {
      "position": {
        "x": 885.8159804662338,
        "y": 489.7179997053453,
        "z": 5000
      },
      "rotation": {
        "x": 0,
        "y": 0,
        "z": 0,
        "w": 1
      },
      "viewCenter": {
        "x": 0,
        "y": 0,
        "z": 0
      },
      "contentRect": {
        "x": -904.2341613897395,
        "y": 444.96674615894597,
        "width": 1121,
        "height": 28.025
      },
      "scale": 0.3131197204447347
    },
    "9c4ada4d-2446-439f-a0a8-df3cd3625ff3": {
      "position": {
        "x": 744.6352239989567,
        "y": 479.8496485779101,
        "z": 5000
      },
      "rotation": {
        "x": 0,
        "y": 0,
        "z": 0,
        "w": 1
      },
      "viewCenter": {
        "x": 0,
        "y": 0,
        "z": 0
      },
      "contentRect": {
        "x": -836.6595291548285,
        "y": -409.628650071094,
        "width": 672,
        "height": 378
      },
      "scale": 0.21248410476912719
    },
    "b8347763-85ba-4d2f-aa0b-94bb0066ebcd": {
      "position": {
        "x": 959.9999999999999,
        "y": 540,
        "z": 5000
      },
      "rotation": {
        "x": 0,
        "y": 0,
        "z": 0,
        "w": 1
      },
      "viewCenter": {
        "x": 0,
        "y": 0,
        "z": 0
      },
      "contentRect": {
        "x": 612.0284900284898,
        "y": 194,
        "width": 100,
        "height": 100
      },
      "scale": 1
    },
    "06ffa71f-a1a9-405e-84b8-da9b05772ad3": {
      "position": {
        "x": 980.5981210103039,
        "y": 917.1147276454233,
        "z": 5000
      },
      "rotation": {
        "x": 0,
        "y": 0,
        "z": 0,
        "w": 1
      },
      "viewCenter": {
        "x": 0,
        "y": 0,
        "z": 0
      },
      "contentRect": {
        "x": 791.3865916651843,
        "y": 727.9031983003035,
        "width": 100,
        "height": 100
      },
      "scale": 0.26425451014034446
    },
    "66621610-526f-4f03-ad80-986eddd1e3b8": {
      "position": {
        "x": 1581.6903165132085,
        "y": 788.5098698115467,
        "z": 5000
      },
      "rotation": {
        "x": 0,
        "y": 0,