{
  "gizmos-infos": {
    "is2D": true,
    "is3DIcon": false,
    "iconSize": 2,
    "gridVisible": true,
    "gridColor": [
      166,
      166,
      166,
      255
    ],
    "transformToolName": "position",
    "pivot": "pivot",
    "coordinate": "local",
    "toolsVisibility3d": true
  },
  "__version__": "1.0.0",
  "builder": {},
  "snap-configs": {
    "position": {
      "x": 1,
      "y": 1,
      "z": 1
    },
    "rotation": 1,
    "scale": 1,
    "isPositionSnapEnabled": false,
    "isRotationSnapEnabled": false,
    "isScaleSnapEnabled": false
  },
  "rect-snap-configs": {
    "enableSnapping": true,
    "snapThreshold": 4
  },
  "camera-infos": {
    "a8ea8836-ddca-4b42-93cc-79147b283de8": {
      "position": {
        "x": 1183.1471090413593,
        "y": 746.4065129074581,
        "z": 5000
      },
      "rotation": {
        "x": 0,
        "y": 0,
        "z": 0,
        "w": 1
      },
      "viewCenter": {
        "x": 0,
        "y": 0,
        "z": 0
      },
      "contentRect": {
        "x": 839.8335054786572,
        "y": 529.6727260429407,
        "width": 1115.1596638655462,
        "height": 704
      },
      "scale": 1.6241122581410847
    },
    "d46fc7ec-d3a7-4b16-8db5-38d56ac4b11b": {
      "position": {
        "x": 1415.4148637022213,
        "y": 694.0320870546085,
        "z": 5000
      },
      "rotation": {
        "x": 0,
        "y": 0,
        "z": 0,
        "w": 1
      },
      "viewCenter": {
        "x": 0,
        "y": 0,
        "z": 0
      },
      "contentRect": {
        "x": -604.5917444269224,
        "y": 643.53192185138,
        "width": 1121,
        "height": 28.025
      },
      "scale": 0.2774743398087765
    },
    "2f77331e-86a9-4f58-8e82-dc38a15f11d9": {
      "position": {
        "x": 788.6998622585199,
        "y": 537.2955798913912,
        "z": 5000
      },
      "rotation": {
        "x": 0,
        "y": 0,
        "z": 0,
        "w": 1
      },
      "viewCenter": {
        "x": 0,
        "y": 0,
        "z": 0
      },
      "contentRect": {
        "x": 738.6998622585198,
        "y": 487.295579891391,
        "width": 100,
        "height": 100
      },
      "scale": 0.9999999999999971
    },
    "1a54ab2e-f8c2-4ec5-9b4e-a55c02d149d8": {
      "position": {
        "x": 961.3923329575939,
        "y": 493.6464247211153,
        "z": 5000
      },
      "rotation": {
        "x": 0,
        "y": 0,
        "z": 0,
        "w": 1
      },
      "viewCenter": {
        "x": 0,
        "y": 0,
        "z": 0
      },
      "contentRect": {
        "x": 823.543828716943,
        "y": 355.7979204804645,
        "width": 1113.047619047619,
        "height": 620
      },
      "scale": 0.3627170296509845
    },
    "d3196f10-0b37-41c0-ac4d-0e23e3c38f1f": {
      "position": {
        "x": 453.47619047619037,
        "y": 280,
        "z": 5000
      },
      "rotation": {
        "x": 0,
        "y": 0,
        "z": 0,
        "w": 1
      },
      "viewCenter": {
        "x": 0,
        "y": 0,
        "z": 0
      },
      "contentRect": {
        "x": -103.04761904761915,
        "y": -30,
        "width": 100,
        "height": 100
      },
      "scale": 1
    },
    "2423d2fa-cded-4187-8f7a-3782a03cfa36": {
      "position": {
        "x": 959.9999999999999,
        "y": 540,
        "z": 5000
      },
      "rotation": {
        "x": 0,
        "y": 0,
        "z": 0,
        "w": 1
      },
      "viewCenter": {
        "x": 0,
        "y": 0,
        "z": 0
      },
      "contentRect": {
        "x": 909.9999999999999,
        "y": 490,
        "width": 100,
        "height": 100
      },
      "scale": 1
    },
    "51c098ab-b2db-443f-bfec-5a1b5eee7253": {
      "position": {
        "x": 695.6947997206473,
        "y": 471.6400053501129,
        "z": 5000
      },
      "rotation": {
        "x": 0,
        "y": 0,
        "z": 0,
        "w": 1
      },
      "viewCenter": {
        "x": 0,
        "y": 0,
        "z": 0
      },
      "contentRect": {
        "x": 645.6947997206473,
        "y": 421.6400053501129,
        "width": 100,
        "height": 100
      },
      "scale": 1
    },
    "b8347763-85ba-4d2f-aa0b-94bb0066ebcd": {
      "position": {
        "x": 696.684677517595,
        "y": 449.65804006003304,
        "z": 5000
      },
      "rotation": {
        "x": 0,
        "y": 0,
        "z": 0,
        "w": 1
      },
      "viewCenter": {
        "x": 0,
        "y": 0,
        "z": 0
      },
      "contentRect": {
        "x": 652.4919770907377,
        "y": 405.4653396331757,
        "width": 100,
        "height": 100
      },
      "scale": 1.1314085701269645
    },
    "06ffa71f-a1a9-405e-84b8-da9b05772ad3": {
      "position": {
        "x": 440.2219061166428,
        "y": 243.5,
        "z": 5000
      },
      "rotation": {
        "x": 0,
        "y": 0,
        "z": 0,
        "w": 1
      },
      "viewCenter": {
        "x": 0,
        "y": 0,
        "z": 0
      },
      "contentRect": {
        "x": 390.2219061166428,
        "y": 193.5,
        "width": 100,
        "height": 100
      },
      "scale": 1
    },
    "c77ecaa8-c936-46c4-a5b0-98692673ed87": {
      "position": {
        "x": 930.2000000000002,
        "y": 523.5333333333333,
        "z": 5000
      },
      "rotation": {
        "x": 0,
        "y": 0,
        "z": 0,
        "w": 1
      },
      "viewCenter": {
        "x": 0,
        "y": 0,
        "z": 0
      },
      "contentRect": {
        "x": -3.8675958188153223,
        "y": 0.6994773519163763,
        "width": 1010.3972602739726,
        "height": 574
      },
      "scale": 0.9828767123287672
    },
    "66621610-526f-4f03-ad80-986eddd1e3b8": {
      "position": {
        "x": -44.40483924107366,
        "y": 1004.9152040251745,
        "z": 5000
      },
      "rotation": {
        "x": 0,
        "y": 0,
        "z": 0,
        "w": 1
      },
      "viewCenter": {
        "x": 0,
        "y": 0,
        "z": 0
      },
      "contentRect": {
        "x": -2589.6443951481046,
        "y": -518.7057066042939,
        "width": 1139.2947976878613,
        "height": 682
      },
      "scale": 0.22380895249010418
    }
  },
  "camera-uuids": [
    "a8ea8836-ddca-4b42-93cc-79147b283de8",
    "d46fc7ec-d3a7-4b16-8db5-38d56ac4b11b",
    "2f77331e-86a9-4f58-8e82-dc38a15f11d9",
    "1a54ab2e-f8c2-4ec5-9b4e-a55c02d149d8",
    "d3196f10-0b37-41c0-ac4d-0e23e3c38f1f",
    "2423d2fa-cded-4187-8f7a-3782a03cfa36",
    "51c098ab-b2db-443f-bfec-5a1b5eee7253",
    "b8347763-85ba-4d2f-aa0b-94bb0066ebcd",
    "06ffa71f-a1a9-405e-84b8-da9b05772ad3",
    "c77ecaa8-c936-46c4-a5b0-98692673ed87",
    "66621610-526f-4f03-ad80-986eddd1e3b8"
  ],
  "camera": {
    "color": [
      48,
      48,
      48,
      255
    ],
    "fov": 45,
    "far": 10000,
    "near": 0.01,
    "wheelSpeed": 0.01,
    "wanderSpeed": 10,
    "enableAcceleration": true,
    "size": "__default_design__",
    "far2D": 10000,
    "near2D": 1,
    "wheelSpeed2D": 6,
    "iso": 0,
    "aperture": 19,
    "shutter": 7
  },
  "scene_view": {
    "isSceneLightOn": true,
    "output_device": "__default_design__"
  },
  "game-view": {
    "scaleValue": 89,
    "sliderValue": 44,
    "devicesInfo": {
      "name": "i18n:scene.game_view.free_aspect",
      "type": "free",
      "width": 0,
      "height": 0
    }
  },
  "float-window": {
    "position": {
      "cc": {
        "Camera": {
          "dock": false,
          "top": null,
          "bottom": 10,
          "left": null,
          "right": 10
        }
      }
    }
  }
}
