{
  "gizmos-infos": {
    "is2D": true,
    "is3DIcon": false,
    "iconSize": 2,
    "gridVisible": true,
    "gridColor": [
      166,
      166,
      166,
      255
    ],
    "transformToolName": "position",
    "pivot": "pivot",
    "coordinate": "local",
    "toolsVisibility3d": true
  },
  "__version__": "1.0.0",
  "builder": {
    "taskOptionsMap": {},
    "__version__": "1.3.7"
  },
  "snap-configs": {
    "position": {
      "x": 1,
      "y": 1,
      "z": 1
    },
    "rotation": 1,
    "scale": 1,
    "isPositionSnapEnabled": false,
    "isRotationSnapEnabled": false,
    "isScaleSnapEnabled": false
  },
  "rect-snap-configs": {
    "enableSnapping": true,
    "snapThreshold": 4
  },
  "camera-infos": {
    "a8ea8836-ddca-4b42-93cc-79147b283de8": {
      "position": {
        "x": 870.6195547491855,
        "y": 560.4587753134688,
        "z": 5000
      },
      "rotation": {
        "x": 0,
        "y": 0,
        "z": 0,
        "w": 1
      },
      "viewCenter": {
        "x": 0,
        "y": 0,
        "z": 0
      },
      "contentRect": {
        "x": 839.8335054786573,
        "y": 529.6727260429407,
        "width": 1115.1596638655462,
        "height": 704
      },
      "scale": 1.6241122581410847
    },
    "51c098ab-b2db-443f-bfec-5a1b5eee7253": {
      "position": {
        "x": 959.9999999999999,
        "y": 540,
        "z": 5000
      },
      "rotation": {
        "x": 0,
        "y": 0,
        "z": 0,
        "w": 1
      },
      "viewCenter": {
        "x": 0,
        "y": 0,
        "z": 0
      },
      "contentRect": {
        "x": 909.9999999999999,
        "y": 490,
        "width": 100,
        "height": 100
      },
      "scale": 1
    },
    "bc71c11f-0036-41a8-9627-756f4eeb7dc0": {
      "position": {
        "x": 816.9997586469223,
        "y": 764.3165697086113,
        "z": 5000
      },
      "rotation": {
        "x": 0,
        "y": 0,
        "z": 0,
        "w": 1
      },
      "viewCenter": {
        "x": 0,
        "y": 0,
        "z": 0
      },
      "contentRect": {
        "x": -29.74555371561186,
        "y": -82.42874265392282,
        "width": 692,
        "height": 692
      },
      "scale": 0.40862346085461415
    },
    "9d29e014-0cf4-4e38-afe3-f946a8aca1eb": {
      "position": {
        "x": 918.5269309535319,
        "y": 644.7909121640155,
        "z": 5000
      },
      "rotation": {
        "x": 0,
        "y": 0,
        "z": 0,
        "w": 1
      },
      "viewCenter": {
        "x": 0,
        "y": 0,
        "z": 0
      },
      "contentRect": {
        "x": -170.9281025683679,
        "y": -479.9111959718279,
        "width": 670,
        "height": 691.6764705882352
      },
      "scale": 0.3074931866779667
    },
    "3e57de3a-aaa2-4f1b-9437-646ae332418a": {
      "position": {
        "x": 932.665165564589,
        "y": 280.16616163234767,
        "z": 5000
      },
      "rotation": {
        "x": 0,
        "y": 0,
        "z": 0,
        "w": 1
      },
      "viewCenter": {
        "x": 0,
        "y": 0,
        "z": 0
      },
      "contentRect": {
        "x": -248.32749586495936,
        "y": -900.8264997972009,
        "width": 672,
        "height": 672
      },
      "scale": 0.2845064249538048
    },
    "d46fc7ec-d3a7-4b16-8db5-38d56ac4b11b": {
      "position": {
        "x": 885.8159804662338,
        "y": 489.7179997053453,
        "z": 5000
      },
      "rotation": {
        "x": 0,
        "y": 0,
        "z": 0,
        "w": 1
      },
      "viewCenter": {
        "x": 0,
        "y": 0,
        "z": 0
      },
      "contentRect": {
        "x": -904.2341613897395,
        "y": 444.96674615894597,
        "width": 1121,
        "height": 28.025
      },
      "scale": 0.3131197204447347
    },
    "9c4ada4d-2446-439f-a0a8-df3cd3625ff3": {
      "position": {
        "x": 744.6352239989567,
        "y": 479.8496485779101,
        "z": 5000
      },
      "rotation": {
        "x": 0,
        "y": 0,
        "z": 0,
        "w": 1
      },
      "viewCenter": {
        "x": 0,
        "y": 0,
        "z": 0
      },
      "contentRect": {
        "x": -836.6595291548285,
        "y": -409.628650071094,
        "width": 672,
        "height": 378
      },
      "scale": 0.21248410476912719
    },
    "c77ecaa8-c936-46c4-a5b0-98692673ed87": {
      "position": {
        "x": 960,
        "y": 540,
        "z": 5000
      },
      "rotation": {
        "x": 0,
        "y": 0,
        "z": 0,
        "w": 1
      },
      "viewCenter": {
        "x": 0,
        "y": 0,
        "z": 0
      },
      "contentRect": {
        "x": -2.525252525252525,
        "y": 76.70454545454545,
        "width": 1485,
        "height": 990
      },
      "scale": 0.99
    },
    "d3196f10-0b37-41c0-ac4d-0e23e3c38f1f": {
      "position": {
        "x": 782.4227591438594,
        "y": 600.6277904572895,
        "z": 5000
      },
      "rotation": {
        "x": 0,
        "y": 0,
        "z": 0,
        "w": 1
      },
      "viewCenter": {
        "x": 0,
        "y": 0,
        "z": 0
      },
      "contentRect": {
        "x": -213.78276504044683,
        "y": 45.71224648194656,
        "width": 100,
        "height": 100
      },
      "scale": 0.5586435690361099
    },
    "2423d2fa-cded-4187-8f7a-3782a03cfa36": {
      "position": {
        "x": 1001.6242685376985,
        "y": 529.727640234365,
        "z": 5000
      },
      "rotation": {
        "x": 0,
        "y": 0,
        "z": 0,
        "w": 1
      },
      "viewCenter": {
        "x": 0,
        "y": 0,
        "z": 0
      },
      "contentRect": {
        "x": 951.6242685376985,
        "y": 479.7276402343649,
        "width": 100,
        "height": 100
      },
      "scale": 0.999999999999998
    },
    "b8347763-85ba-4d2f-aa0b-94bb0066ebcd": {
      "position": {
        "x": 576.4195399877636,
        "y": 257.92434729578065,
        "z": 5000
      },
      "rotation": {
        "x": 0,
        "y": 0,
        "z": 0,
        "w": 1
      },
      "viewCenter": {
        "x": 0,
        "y": 0,
        "z": 0
      },
      "contentRect": {
        "x": 500.6337116622437,
        "y": 182.13851897026072,
        "width": 100,
        "height": 100
      },
      "scale": 0.6597539553864471
    },
    "06ffa71f-a1a9-405e-84b8-da9b05772ad3": {
      "position": {
        "x": 980.5981210103039,
        "y": 917.114727645423,
        "z": 5000
      },
      "rotation": {
        "x": 0,
        "y": 0,
        "z": 0,
        "w": 1
      },
      "viewCenter": {
        "x": 0,
        "y": 0,
        "z": 0
      },
      "contentRect": {
        "x": 791.3865916651843,
        "y": 727.9031983003035,
        "width": 100,
        "height": 100
      },
      "scale": 0.26425451014034446
    },
    "2f77331e-86a9-4f58-8e82-dc38a15f11d9": {
      "position": {
        "x": 1195.6697596546262,
        "y": 684.3434329935885,
        "z": 5000
      },
      "rotation": {
        "x": 0,
        "y": 0,
        "z": 0,
        "w": 1
      },
      "viewCenter": {
        "x": 0,
        "y": 0,
        "z": 0
      },
      "contentRect": {
        "x": 1098.4042649133971,
        "y": 587.0779382523596,
        "width": 100,
        "height": 100
      },
      "scale": 0.5140569133280312
    },
    "1a54ab2e-f8c2-4ec5-9b4e-a55c02d149d8": {
      "position": {
        "x": 920.0379950928937,
        "y": 507.06308034696946,
        "z": 5000
      },
      "rotation": {
        "x": 0,
        "y": 0,
        "z": 0,
        "w": 1
      },
      "viewCenter": {
        "x": 0,
        "y": 0,
        "z": 0
      },
      "contentRect": {
        "x": -747.3604896633456,
        "y": -421.7265265464263,
        "width": 1113.047619047619,
        "height": 620
      },
      "scale": 0.3337677313561725
    },
    "66621610-526f-4f03-ad80-986eddd1e3b8": {
      "position": {
        "x": 739.7967296583511,
        "y": 621.0968885740966,
        "z": 5000
      },